Workbook

Sheet 說明
A1: Ch09 資料分析實作 — 班級成績分析系統（教學範例）
A2: 城市科技｜核心函數、條件判斷與查詢、樞紐分析表、圖表與預測
A4: 【資料說明】30 位學生、3 科成績與出席天數都是虛構的教學資料，姓名不對應任何真實學生。
A6: 【工作表對應課程章節】
A7: 第一章 核心函數 → 「成績表」H~L 欄：SUM、AVERAGE、IFS、VLOOKUP、RANK（藍底都是公式）
A8: → 「統計摘要」：AVERAGE、MEDIAN、MAX、MIN、STDEV、COUNTIF、SUMIF、AVERAGEIF、COUNTIFS
A9: 第二章 條件與查詢 → 「成績表」M~O 欄：IF、IF＋AND；成績欄已設定條件式格式（不及格紅、90 以上綠）
A10: → 「等第表」＋「查詢」：VLOOKUP 近似比對與完全比對、IFERROR
A11: → 「文字與日期」：LEFT、RIGHT、LEN、&、TEXT、DATEDIF、TODAY
A12: 第三章 樞紐分析表 → 「樞紐練習資料」：長格式資料（姓名／班級／科目／成績），用來插入樞紐分析表
A13: → 「樞紐參考答案」：用 AVERAGEIFS 算出同樣的結果，讓學生對照自己的樞紐表
A14: 第四章 圖表與預測 → 「成績分布」：各科平均長條圖、成績分布直方圖
... A20: 【Google 試算表】檔案 → 匯入 → 上傳本檔即可；樞紐分析表請在 Google 試算表用「插入 → 資料透視表」重新建立。

Sheet 成績表
A1: 成績表
A2: 白底是輸入資料，藍底是公式；成績欄有條件式格式
A4: 學號 | B4: 姓名 | C4: 班級 | D4: 國語 | E4: 數學 | F4: 英文 | G4: 出席天數 (滿分30) | H4: 總分 SUM | I4: 平均 AVERAGE | J4: 等第 IFS | K4: 等第 VLOOKUP | L4: 名次 RANK | M4: 數學及格？ IF | N4: 國英雙科 IF+AND | O4: 出席 IF | Q4: RANK 的範圍要加 $（絕對參照）才能往下複製： =RANK(H5,$H$5:$H$34,0) 按 F4 可切換 $ 的位置。 J 欄與 K 欄結果應該一樣： IFS 用條件判斷，VLOOKUP 查等第表，兩種方法都會。
A5: S115001 | B5: 王小明 | C5: A班 | D5: 70 | E5: 81 | F5: 91 | G5: 29 | H5: =SUM(D5:F5) -> 242 | I5: =ROUND(AVERAGE(D5:F5),1) -> 80.7 | J5: =_xlfn.IFS(I5>=90,"A",I5>=80,"B",I5>=70,"C",I5>=60,"D",TRUE,"F") -> B | K5: =VLOOKUP(I5,等第表!$A$5:$B$9,2,TRUE) -> B | L5: =RANK(H5,$H$5:$H$34,0) -> 10 | M5: =IF(E5>=60,"及格","不及格") -> 及格 | N5: =IF(AND(D5>=60,F5>=60),"雙科及格","待補考") -> 雙科及格 | O5: =IF(G5>=27,"優良","一般") -> 優良
A6: S115002 | B6: 林小華 | C6: B班 | D6: 76 | E6: 62 | F6: 73 | G6: 26 | H6: =SUM(D6:F6) -> 211 | I6: =ROUND(AVERAGE(D6:F6),1) -> 70.3 | J6: =_xlfn.IFS(I6>=90,"A",I6>=80,"B",I6>=70,"C",I6>=60,"D",TRUE,"F") -> C | K6: =VLOOKUP(I6,等第表!$A$5:$B$9,2,TRUE) -> C | L6: =RANK(H6,$H$5:$H$34,0) -> 17 | M6: =IF(E6>=60,"及格","不及格") -> 及格 | N6: =IF(AND(D6>=60,F6>=60),"雙科及格","待補考") -> 雙科及格 | O6: =IF(G6>=27,"優良","一般") -> 一般
A7: S115003 | B7: 陳美美 | C7: C班 | D7: 78 | E7: 84 | F7: 88 | G7: 24 | H7: =SUM(D7:F7) -> 250 | I7: =ROUND(AVERAGE(D7:F7),1) -> 83.3 | J7: =_xlfn.IFS(I7>=90,"A",I7>=80,"B",I7>=70,"C",I7>=60,"D",TRUE,"F") -> B | K7: =VLOOKUP(I7,等第表!$A$5:$B$9,2,TRUE) -> B | L7: =RANK(H7,$H$5:$H$34,0) -> 7 | M7: =IF(E7>=60,"及格","不及格") -> 及格 | N7: =IF(AND(D7>=60,F7>=60),"雙科及格","待補考") -> 雙科及格 | O7: =IF(G7>=27,"優良","一般") -> 一般
A8: S115004 | B8: 張大偉 | C8: A班 | D8: 93 | E8: 78 | F8: 90 | G8: 30 | H8: =SUM(D8:F8) -> 261 | I8: =ROUND(AVERAGE(D8:F8),1) -> 87 | J8: =_xlfn.IFS(I8>=90,"A",I8>=80,"B",I8>=70,"C",I8>=60,"D",TRUE,"F") -> B | K8: =VLOOKUP(I8,等第表!$A$5:$B$9,2,TRUE) -> B | L8: =RANK(H8,$H$5:$H$34,0) -> 4 | M8: =IF(E8>=60,"及格","不及格") -> 及格 | N8: =IF(AND(D8>=60,F8>=60),"雙科及格","待補考") -> 雙科及格 | O8: =IF(G8>=27,"優良","一般") -> 優良
A9: S115005 | B9: 李佳穎 | C9: B班 | D9: 100 | E9: 87 | F9: 100 | G9: 30 | H9: =SUM(D9:F9) -> 287 | I9: =ROUND(AVERAGE(D9:F9),1) -> 95.7 | J9: =_xlfn.IFS(I9>=90,"A",I9>=80,"B",I9>=70,"C",I9>=60,"D",TRUE,"F") -> A | K9: =VLOOKUP(I9,等第表!$A$5:$B$9,2,TRUE) -> A | L9: =RANK(H9,$H$5:$H$34,0) -> 1 | M9: =IF(E9>=60,"及格","不及格") -> 及格 | N9: =IF(AND(D9>=60,F9>=60),"雙科及格","待補考") -> 雙科及格 | O9: =IF(G9>=27,"優良","一般") -> 優良
A10: S115006 | B10: 黃志豪 | C10: C班 | D10: 73 | E10: 65 | F10: 73 | G10: 26 | H10: =SUM(D10:F10) -> 211 | I10: =ROUND(AVERAGE(D10:F10),1) -> 70.3 | J10: =_xlfn.IFS(I10>=90,"A",I10>=80,"B",I10>=70,"C",I10>=60,"D",TRUE,"F") -> C | K10: =VLOOKUP(I10,等第表!$A$5:$B$9,2,TRUE) -> C | L10: =RANK(H10,$H$5:$H$34,0) -> 17 | M10: =IF(E10>=60,"及格","不及格") -> 及格 | N10: =IF(AND(D10>=60,F10>=60),"雙科及格","待補考") -> 雙科及格 | O10: =IF(G10>=27,"優良","一般") -> 一般
A11: S115007 | B11: 吳雅婷 | C11: A班 | D11: 89 | E11: 84 | F11: 86 | G11: 26 | H11: =SUM(D11:F11) -> 259 | I11: =ROUND(AVERAGE(D11:F11),1) -> 86.3 | J11: =_xlfn.IFS(I11>=90,"A",I11>=80,"B",I11>=70,"C",I11>=60,"D",TRUE,"F") -> B | K11: =VLOOKUP(I11,等第表!$A$5:$B$9,2,TRUE) -> B | L11: =RANK(H11,$H$5:$H$34,0) -> 6 | M11: =IF(E11>=60,"及格","不及格") -> 及格 | N11: =IF(AND(D11>=60,F11>=60),"雙科及格","待補考") -> 雙科及格 | O11: =IF(G11>=27,"優良","一般") -> 一般
A12: S115008 | B12: 劉宇軒 | C12: B班 | D12: 76 | E12: 44 | F12: 58 | G12: 27 | H12: =SUM(D12:F12) -> 178 | I12: =ROUND(AVERAGE(D12:F12),1) -> 59.3 | J12: =_xlfn.IFS(I12>=90,"A",I12>=80,"B",I12>=70,"C",I12>=60,"D",TRUE,"F") -> F | K12: =VLOOKUP(I12,等第表!$A$5:$B$9,2,TRUE) -> F | L12: =RANK(H12,$H$5:$H$34,0) -> 27 | M12: =IF(E12>=60,"及格","不及格") -> 不及格 | N12: =IF(AND(D12>=60,F12>=60),"雙科及格","待補考") -> 待補考 | O12: =IF(G12>=27,"優良","一般") -> 優良
A13: S115009 | B13: 蔡欣怡 | C13: C班 | D13: 49 | E13: 46 | F13: 61 | G13: 23 | H13: =SUM(D13:F13) -> 156 | I13: =ROUND(AVERAGE(D13:F13),1) -> 52 | J13: =_xlfn.IFS(I13>=90,"A",I13>=80,"B",I13>=70,"C",I13>=60,"D",TRUE,"F") -> F | K13: =VLOOKUP(I13,等第表!$A$5:$B$9,2,TRUE) -> F | L13: =RANK(H13,$H$5:$H$34,0) -> 29 | M13: =IF(E13>=60,"及格","不及格") -> 不及格 | N13: =IF(AND(D13>=60,F13>=60),"雙科及格","待補考") -> 待補考 | O13: =IF(G13>=27,"優良","一般") -> 一般
A14: S115010 | B14: 楊冠廷 | C14: A班 | D14: 62 | E14: 51 | F14: 69 | G14: 21 | H14: =SUM(D14:F14) -> 182 | I14: =ROUND(AVERAGE(D14:F14),1) -> 60.7 | J14: =_xlfn.IFS(I14>=90,"A",I14>=80,"B",I14>=70,"C",I14>=60,"D",TRUE,"F") -> D | K14: =VLOOKUP(I14,等第表!$A$5:$B$9,2,TRUE) -> D | L14: =RANK(H14,$H$5:$H$34,0) -> 24 | M14: =IF(E14>=60,"及格","不及格") -> 不及格 | N14: =IF(AND(D14>=60,F14>=60),"雙科及格","待補考") -> 雙科及格 | O14: =IF(G14>=27,"優良","一般") -> 一般
A15: S115011 | B15: 許詩涵 | C15: B班 | D15: 91 | E15: 77 | F15: 79 | G15: 27 | H15: =SUM(D15:F15) -> 247 | I15: =ROUND(AVERAGE(D15:F15),1) -> 82.3 | J15: =_xlfn.IFS(I15>=90,"A",I15>=80,"B",I15>=70,"C",I15>=60,"D",TRUE,"F") -> B | K15: =VLOOKUP(I15,等第表!$A$5:$B$9,2,TRUE) -> B | L15: =RANK(H15,$H$5:$H$34,0) -> 8 | M15: =IF(E15>=60,"及格","不及格") -> 及格 | N15: =IF(AND(D15>=60,F15>=60),"雙科及格","待補考") -> 雙科及格 | O15: =IF(G15>=27,"優良","一般") -> 優良
A16: S115012 | B16: 鄭承恩 | C16: C班 | D16: 75 | E16: 81 | F16: 60 | G16: 25 | H16: =SUM(D16:F16) -> 216 | I16: =ROUND(AVERAGE(D16:F16),1) -> 72 | J16: =_xlfn.IFS(I16>=90,"A",I16>=80,"B",I16>=70,"C",I16>=60,"D",TRUE,"F") -> C | K16: =VLOOKUP(I16,等第表!$A$5:$B$9,2,TRUE) -> C | L16: =RANK(H16,$H$5:$H$34,0) -> 15 | M16: =IF(E16>=60,"及格","不及格") -> 及格 | N16: =IF(AND(D16>=60,F16>=60),"雙科及格","待補考") -> 雙科及格 | O16: =IF(G16>=27,"優良","一般") -> 一般
... A34: S115030 | B34: 潘彥廷 | C34: C班 | D34: 63 | E34: 71 | F34: 77 | G34: 22 | H34: =SUM(D34:F34) -> 211 | I34: =ROUND(AVERAGE(D34:F34),1) -> 70.3 | J34: =_xlfn.IFS(I34>=90,"A",I34>=80,"B",I34>=70,"C",I34>=60,"D",TRUE,"F") -> C | K34: =VLOOKUP(I34,等第表!$A$5:$B$9,2,TRUE) -> C | L34: =RANK(H34,$H$5:$H$34,0) -> 17 | M34: =IF(E34>=60,"及格","不及格") -> 及格 | N34: =IF(AND(D34>=60,F34>=60),"雙科及格","待補考") -> 雙科及格 | O34: =IF(G34>=27,"優良","一般") -> 一般

Sheet 等第表
A1: 等第對照表（VLOOKUP 近似比對用）
A2: 分數下限必須「由小到大」排列，最後一個引數填 TRUE（或 1）
A4: 分數下限 | B4: 等第 | C4: 分數範圍 | D4: 說明
A5: 0 | B5: F | C5: 0–59 | D5: 不及格
A6: 60 | B6: D | C6: 60–69 | D6: 及格
A7: 70 | B7: C | C7: 70–79 | D7: 普通
A8: 80 | B8: B | C8: 80–89 | D8: 良好
A9: 90 | B9: A | C9: 90–100 | D9: 優秀
A11: 例：平均 85 → VLOOKUP 往下找「不超過 85 的最大值」80 → 回傳 B。 若最後一個引數寫成 FALSE（完全比對），85 在表中找不到，就會出現 #N/A。

Sheet 統計摘要
A1: 統計摘要
A2: 全部由公式計算，改「成績表」的分數，這裡會自動更新
A4: 統計項目 | B4: 國語 | C4: 數學 | D4: 英文 | E4: 平均 | G4: 各班比較（COUNTIF／SUMIF／AVERAGEIF／COUNTIFS）
A5: 平均 | B5: =AVERAGE(成績表!$D$5:$D$34) -> 73.8 | C5: =AVERAGE(成績表!$E$5:$E$34) -> 70 | D5: =AVERAGE(成績表!$F$5:$F$34) -> 74.9 | E5: =AVERAGE(成績表!$I$5:$I$34) -> 72.9 | G5: 班級 | H5: 人數 COUNTIF | I5: 總分合計 SUMIF | J5: 平均分 AVERAGEIF | K5: 數學及格人數 COUNTIFS | L5: 等第 A 人數 COUNTIFS
A6: 中位數 | B6: =MEDIAN(成績表!$D$5:$D$34) -> 74.5 | C6: =MEDIAN(成績表!$E$5:$E$34) -> 74.5 | D6: =MEDIAN(成績表!$F$5:$F$34) -> 73.5 | E6: =MEDIAN(成績表!$I$5:$I$34) -> 71.65 | G6: A班 | H6: =COUNTIF(成績表!$C$5:$C$34,G6) -> 10 | I6: =SUMIF(成績表!$C$5:$C$34,G6,成績表!$H$5:$H$34) -> 2165 | J6: =ROUND(AVERAGEIF(成績表!$C$5:$C$34,G6,成績表!$I$5:$I$34),1) -> 72.2 | K6: =COUNTIFS(成績表!$C$5:$C$34,G6,成績表!$E$5:$E$34,">=60") -> 7 | L6: =COUNTIFS(成績表!$C$5:$C$34,G6,成績表!$J$5:$J$34,"A") -> 0
A7: 最高分 | B7: =MAX(成績表!$D$5:$D$34) -> 100 | C7: =MAX(成績表!$E$5:$E$34) -> 87 | D7: =MAX(成績表!$F$5:$F$34) -> 100 | E7: =MAX(成績表!$I$5:$I$34) -> 95.7 | G7: B班 | H7: =COUNTIF(成績表!$C$5:$C$34,G7) -> 10 | I7: =SUMIF(成績表!$C$5:$C$34,G7,成績表!$H$5:$H$34) -> 2371 | J7: =ROUND(AVERAGEIF(成績表!$C$5:$C$34,G7,成績表!$I$5:$I$34),1) -> 79 | K7: =COUNTIFS(成績表!$C$5:$C$34,G7,成績表!$E$5:$E$34,">=60") -> 9 | L7: =COUNTIFS(成績表!$C$5:$C$34,G7,成績表!$J$5:$J$34,"A") -> 2
A8: 最低分 | B8: =MIN(成績表!$D$5:$D$34) -> 45 | C8: =MIN(成績表!$E$5:$E$34) -> 44 | D8: =MIN(成績表!$F$5:$F$34) -> 42 | E8: =MIN(成績表!$I$5:$I$34) -> 48.3 | G8: C班 | H8: =COUNTIF(成績表!$C$5:$C$34,G8) -> 10 | I8: =SUMIF(成績表!$C$5:$C$34,G8,成績表!$H$5:$H$34) -> 2025 | J8: =ROUND(AVERAGEIF(成績表!$C$5:$C$34,G8,成績表!$I$5:$I$34),1) -> 67.5 | K8: =COUNTIFS(成績表!$C$5:$C$34,G8,成績表!$E$5:$E$34,">=60") -> 7 | L8: =COUNTIFS(成績表!$C$5:$C$34,G8,成績表!$J$5:$J$34,"A") -> 1
A9: 標準差 | B9: =STDEV(成績表!$D$5:$D$34) -> 15.223394 | C9: =STDEV(成績表!$E$5:$E$34) -> 12.966801 | D9: =STDEV(成績表!$F$5:$F$34) -> 14.348735 | E9: =STDEV(成績表!$I$5:$I$34) -> 12.130981
A10: 及格人數 | B10: =COUNTIF(成績表!$D$5:$D$34,">=60") -> 25 | C10: =COUNTIF(成績表!$E$5:$E$34,">=60") -> 23 | D10: =COUNTIF(成績表!$F$5:$F$34,">=60") -> 26 | E10: =COUNTIF(成績表!$I$5:$I$34,">=60") -> 26
A11: 不及格人數 | B11: =COUNTIF(成績表!$D$5:$D$34,"<60") -> 5 | C11: =COUNTIF(成績表!$E$5:$E$34,"<60") -> 7 | D11: =COUNTIF(成績表!$F$5:$F$34,"<60") -> 4 | E11: =COUNTIF(成績表!$I$5:$I$34,"<60") -> 4
A12: 及格率 | B12: =COUNTIF(成績表!$D$5:$D$34,">=60")/COUNT(成績表!$D$5:$D$34) -> 0.83333333 | C12: =COUNTIF(成績表!$E$5:$E$34,">=60")/COUNT(成績表!$E$5:$E$34) -> 0.76666667 | D12: =COUNTIF(成績表!$F$5:$F$34,">=60")/COUNT(成績表!$F$5:$F$34) -> 0.86666667 | E12: =COUNTIF(成績表!$I$5:$I$34,">=60")/COUNT(成績表!$I$5:$I$34) -> 0.86666667
A15: 各等第人數（COUNTIF）
A16: 等第 | B16: 人數 | C16: 比例
A17: A | B17: =COUNTIF(成績表!$J$5:$J$34,A17) -> 3 | C17: =B17/SUM($B$17:$B$21) -> 0.1
A18: B | B18: =COUNTIF(成績表!$J$5:$J$34,A18) -> 7 | C18: =B18/SUM($B$17:$B$21) -> 0.23333333
A19: C | B19: =COUNTIF(成績表!$J$5:$J$34,A19) -> 10 | C19: =B19/SUM($B$17:$B$21) -> 0.33333333
A20: D | B20: =COUNTIF(成績表!$J$5:$J$34,A20) -> 6 | C20: =B20/SUM($B$17:$B$21) -> 0.2
A21: F | B21: =COUNTIF(成績表!$J$5:$J$34,A21) -> 4 | C21: =B21/SUM($B$17:$B$21) -> 0.13333333

Sheet 查詢
A1: 學號查詢（VLOOKUP 完全比對）
A2: 在 B4 選或輸入學號，下方資料會自動查出來
A4: 請輸入學號 → | B4: S115012
A6: 欄位 | B6: 查詢結果 | C6: 公式
A7: 姓名 | B7: =IFERROR(VLOOKUP($B$4,成績表!$A$5:$O$34,2,FALSE),"查無此學號") -> 鄭承恩 | C7: IFERROR(VLOOKUP($B$4,成績表!$A$5:$O$34,2,FALSE),"查無此學號")
A8: 班級 | B8: =IFERROR(VLOOKUP($B$4,成績表!$A$5:$O$34,3,FALSE),"查無此學號") -> C班 | C8: IFERROR(VLOOKUP($B$4,成績表!$A$5:$O$34,3,FALSE),"查無此學號")
A9: 國語 | B9: =IFERROR(VLOOKUP($B$4,成績表!$A$5:$O$34,4,FALSE),"查無此學號") -> 75 | C9: IFERROR(VLOOKUP($B$4,成績表!$A$5:$O$34,4,FALSE),"查無此學號")
A10: 數學 | B10: =IFERROR(VLOOKUP($B$4,成績表!$A$5:$O$34,5,FALSE),"查無此學號") -> 81 | C10: IFERROR(VLOOKUP($B$4,成績表!$A$5:$O$34,5,FALSE),"查無此學號")
A11: 英文 | B11: =IFERROR(VLOOKUP($B$4,成績表!$A$5:$O$34,6,FALSE),"查無此學號") -> 60 | C11: IFERROR(VLOOKUP($B$4,成績表!$A$5:$O$34,6,FALSE),"查無此學號")
A12: 平均 | B12: =IFERROR(VLOOKUP($B$4,成績表!$A$5:$O$34,9,FALSE),"查無此學號") -> 72 | C12: IFERROR(VLOOKUP($B$4,成績表!$A$5:$O$34,9,FALSE),"查無此學號")
A13: 等第 | B13: =IFERROR(VLOOKUP($B$4,成績表!$A$5:$O$34,10,FALSE),"查無此學號") -> C | C13: IFERROR(VLOOKUP($B$4,成績表!$A$5:$O$34,10,FALSE),"查無此學號")
A14: 名次 | B14: =IFERROR(VLOOKUP($B$4,成績表!$A$5:$O$34,12,FALSE),"查無此學號") -> 15 | C14: IFERROR(VLOOKUP($B$4,成績表!$A$5:$O$34,12,FALSE),"查無此學號")
A17: VLOOKUP(查詢值, 資料範圍, 欄號, FALSE)：學號要在資料範圍的「最左欄」。 FALSE＝完全比對，查不到會出現 #N/A，外面包 IFERROR 就能顯示「查無此學號」。 試試看：把 B4 改成 S115999。

Sheet 文字與日期
A1: 文字與日期函數
A2: 生日為虛構資料；年齡用 TODAY() 計算，每天打開都會自動更新
A4: 學號 | B4: 姓名 | C4: 生日 | D4: 入學年 MID | E4: 座號 RIGHT | F4: 姓名字數 LEN | G4: 稱呼 & | H4: 平均（百分比） TEXT | I4: 年齡 DATEDIF | J4: 生日月份 MONTH
A5: =成績表!A5 -> S115001 | B5: =成績表!B5 -> 王小明 | C5: 40730 | D5: =MID(A5,2,3) -> 115 | E5: =VALUE(RIGHT(A5,3)) -> 1 | F5: =LEN(B5) -> 3 | G5: =B5&"同學" -> 王小明同學 | H5: =TEXT(成績表!I5/100,"0.0%") -> 80.7% | I5: =DATEDIF(C5,TODAY(),"Y") -> 15 | J5: =MONTH(C5) -> 7
A6: =成績表!A6 -> S115002 | B6: =成績表!B6 -> 林小華 | C6: 40674 | D6: =MID(A6,2,3) -> 115 | E6: =VALUE(RIGHT(A6,3)) -> 2 | F6: =LEN(B6) -> 3 | G6: =B6&"同學" -> 林小華同學 | H6: =TEXT(成績表!I6/100,"0.0%") -> 70.3% | I6: =DATEDIF(C6,TODAY(),"Y") -> 15 | J6: =MONTH(C6) -> 5
A7: =成績表!A7 -> S115003 | B7: =成績表!B7 -> 陳美美 | C7: 40653 | D7: =MID(A7,2,3) -> 115 | E7: =VALUE(RIGHT(A7,3)) -> 3 | F7: =LEN(B7) -> 3 | G7: =B7&"同學" -> 陳美美同學 | H7: =TEXT(成績表!I7/100,"0.0%") -> 83.3% | I7: =DATEDIF(C7,TODAY(),"Y") -> 15 | J7: =MONTH(C7) -> 4
A8: =成績表!A8 -> S115004 | B8: =成績表!B8 -> 張大偉 | C8: 40626 | D8: =MID(A8,2,3) -> 115 | E8: =VALUE(RIGHT(A8,3)) -> 4 | F8: =LEN(B8) -> 3 | G8: =B8&"同學" -> 張大偉同學 | H8: =TEXT(成績表!I8/100,"0.0%") -> 87.0% | I8: =DATEDIF(C8,TODAY(),"Y") -> 15 | J8: =MONTH(C8) -> 3
A9: =成績表!A9 -> S115005 | B9: =成績表!B9 -> 李佳穎 | C9: 40462 | D9: =MID(A9,2,3) -> 115 | E9: =VALUE(RIGHT(A9,3)) -> 5 | F9: =LEN(B9) -> 3 | G9: =B9&"同學" -> 李佳穎同學 | H9: =TEXT(成績表!I9/100,"0.0%") -> 95.7% | I9: =DATEDIF(C9,TODAY(),"Y") -> 16 | J9: =MONTH(C9) -> 10
A10: =成績表!A10 -> S115006 | B10: =成績表!B10 -> 黃志豪 | C10: 40495 | D10: =MID(A10,2,3) -> 115 | E10: =VALUE(RIGHT(A10,3)) -> 6 | F10: =LEN(B10) -> 3 | G10: =B10&"同學" -> 黃志豪同學 | H10: =TEXT(成績表!I10/100,"0.0%") -> 70.3% | I10: =DATEDIF(C10,TODAY(),"Y") -> 15 | J10: =MONTH(C10) -> 11
A11: =成績表!A11 -> S115007 | B11: =成績表!B11 -> 吳雅婷 | C11: 40639 | D11: =MID(A11,2,3) -> 115 | E11: =VALUE(RIGHT(A11,3)) -> 7 | F11: =LEN(B11) -> 3 | G11: =B11&"同學" -> 吳雅婷同學 | H11: =TEXT(成績表!I11/100,"0.0%") -> 86.3% | I11: =DATEDIF(C11,TODAY(),"Y") -> 15 | J11: =MONTH(C11) -> 4
A12: =成績表!A12 -> S115008 | B12: =成績表!B12 -> 劉宇軒 | C12: 40640 | D12: =MID(A12,2,3) -> 115 | E12: =VALUE(RIGHT(A12,3)) -> 8 | F12: =LEN(B12) -> 3 | G12: =B12&"同學" -> 劉宇軒同學 | H12: =TEXT(成績表!I12/100,"0.0%") -> 59.3% | I12: =DATEDIF(C12,TODAY(),"Y") -> 15 | J12: =MONTH(C12) -> 4
A13: =成績表!A13 -> S115009 | B13: =成績表!B13 -> 蔡欣怡 | C13: 40638 | D13: =MID(A13,2,3) -> 115 | E13: =VALUE(RIGHT(A13,3)) -> 9 | F13: =LEN(B13) -> 3 | G13: =B13&"同學" -> 蔡欣怡同學 | H13: =TEXT(成績表!I13/100,"0.0%") -> 52.0% | I13: =DATEDIF(C13,TODAY(),"Y") -> 15 | J13: =MONTH(C13) -> 4
A14: =成績表!A14 -> S115010 | B14: =成績表!B14 -> 楊冠廷 | C14: 40717 | D14: =MID(A14,2,3) -> 115 | E14: =VALUE(RIGHT(A14,3)) -> 10 | F14: =LEN(B14) -> 3 | G14: =B14&"同學" -> 楊冠廷同學 | H14: =TEXT(成績表!I14/100,"0.0%") -> 60.7% | I14: =DATEDIF(C14,TODAY(),"Y") -> 15 | J14: =MONTH(C14) -> 6
A15: =成績表!A15 -> S115011 | B15: =成績表!B15 -> 許詩涵 | C15: 40741 | D15: =MID(A15,2,3) -> 115 | E15: =VALUE(RIGHT(A15,3)) -> 11 | F15: =LEN(B15) -> 3 | G15: =B15&"同學" -> 許詩涵同學 | H15: =TEXT(成績表!I15/100,"0.0%") -> 82.3% | I15: =DATEDIF(C15,TODAY(),"Y") -> 15 | J15: =MONTH(C15) -> 7
A16: =成績表!A16 -> S115012 | B16: =成績表!B16 -> 鄭承恩 | C16: 40485 | D16: =MID(A16,2,3) -> 115 | E16: =VALUE(RIGHT(A16,3)) -> 12 | F16: =LEN(B16) -> 3 | G16: =B16&"同學" -> 鄭承恩同學 | H16: =TEXT(成績表!I16/100,"0.0%") -> 72.0% | I16: =DATEDIF(C16,TODAY(),"Y") -> 15 | J16: =MONTH(C16) -> 11

Sheet 樞紐練習資料
A1: 樞紐分析表練習資料（長格式）
A2: 一列一筆「某人某科的成績」：選取 A4:E94 → 插入 → 樞紐分析表
A4: 學號 | B4: 姓名 | C4: 班級 | D4: 科目 | E4: 成績 | G4: 練習 1：列＝班級、欄＝科目、值＝成績（平均值）→ 對照「樞紐參考答案」。 練習 2：列＝科目、值＝成績（計數、最大值、最小值）。 練習 3：篩選＝班級，只看 A 班。 練習 4：值的顯示方式改成「總計百分比」。 為什麼要長格式？成績表是「一人一列」，樞紐分析需要「科目」也成為一個欄位，才能拖到欄或列。
A5: S115001 | B5: 王小明 | C5: A班 | D5: 國語 | E5: 70
A6: S115001 | B6: 王小明 | C6: A班 | D6: 數學 | E6: 81
A7: S115001 | B7: 王小明 | C7: A班 | D7: 英文 | E7: 91
A8: S115002 | B8: 林小華 | C8: B班 | D8: 國語 | E8: 76
A9: S115002 | B9: 林小華 | C9: B班 | D9: 數學 | E9: 62
A10: S115002 | B10: 林小華 | C10: B班 | D10: 英文 | E10: 73
A11: S115003 | B11: 陳美美 | C11: C班 | D11: 國語 | E11: 78
A12: S115003 | B12: 陳美美 | C12: C班 | D12: 數學 | E12: 84
A13: S115003 | B13: 陳美美 | C13: C班 | D13: 英文 | E13: 88
A14: S115004 | B14: 張大偉 | C14: A班 | D14: 國語 | E14: 93
A15: S115004 | B15: 張大偉 | C15: A班 | D15: 數學 | E15: 78
A16: S115004 | B16: 張大偉 | C16: A班 | D16: 英文 | E16: 90
... A94: S115030 | B94: 潘彥廷 | C94: C班 | D94: 英文 | E94: 77

Sheet 樞紐參考答案
A1: 樞紐參考答案：各班各科平均（AVERAGEIFS）
A2: 你的樞紐分析表數字應該和這張表一樣
A4: 班級 | B4: 國語 | C4: 數學 | D4: 英文 | E4: 總計
A5: A班 | B5: =AVERAGEIFS(樞紐練習資料!$E$5:$E$94,樞紐練習資料!$C$5:$C$94,$A5,樞紐練習資料!$D$5:$D$94,B$4) -> 69.4 | C5: =AVERAGEIFS(樞紐練習資料!$E$5:$E$94,樞紐練習資料!$C$5:$C$94,$A5,樞紐練習資料!$D$5:$D$94,C$4) -> 71.8 | D5: =AVERAGEIFS(樞紐練習資料!$E$5:$E$94,樞紐練習資料!$C$5:$C$94,$A5,樞紐練習資料!$D$5:$D$94,D$4) -> 75.3 | E5: =AVERAGEIFS(樞紐練習資料!$E$5:$E$94,樞紐練習資料!$C$5:$C$94,$A5) -> 72.166667
A6: B班 | B6: =AVERAGEIFS(樞紐練習資料!$E$5:$E$94,樞紐練習資料!$C$5:$C$94,$A6,樞紐練習資料!$D$5:$D$94,B$4) -> 83 | C6: =AVERAGEIFS(樞紐練習資料!$E$5:$E$94,樞紐練習資料!$C$5:$C$94,$A6,樞紐練習資料!$D$5:$D$94,C$4) -> 72.9 | D6: =AVERAGEIFS(樞紐練習資料!$E$5:$E$94,樞紐練習資料!$C$5:$C$94,$A6,樞紐練習資料!$D$5:$D$94,D$4) -> 81.2 | E6: =AVERAGEIFS(樞紐練習資料!$E$5:$E$94,樞紐練習資料!$C$5:$C$94,$A6) -> 79.033333
A7: C班 | B7: =AVERAGEIFS(樞紐練習資料!$E$5:$E$94,樞紐練習資料!$C$5:$C$94,$A7,樞紐練習資料!$D$5:$D$94,B$4) -> 69 | C7: =AVERAGEIFS(樞紐練習資料!$E$5:$E$94,樞紐練習資料!$C$5:$C$94,$A7,樞紐練習資料!$D$5:$D$94,C$4) -> 65.3 | D7: =AVERAGEIFS(樞紐練習資料!$E$5:$E$94,樞紐練習資料!$C$5:$C$94,$A7,樞紐練習資料!$D$5:$D$94,D$4) -> 68.2 | E7: =AVERAGEIFS(樞紐練習資料!$E$5:$E$94,樞紐練習資料!$C$5:$C$94,$A7) -> 67.5
A8: 總計 | B8: =AVERAGEIFS(樞紐練習資料!$E$5:$E$94,樞紐練習資料!$D$5:$D$94,B$4) -> 73.8 | C8: =AVERAGEIFS(樞紐練習資料!$E$5:$E$94,樞紐練習資料!$D$5:$D$94,C$4) -> 70 | D8: =AVERAGEIFS(樞紐練習資料!$E$5:$E$94,樞紐練習資料!$D$5:$D$94,D$4) -> 74.9 | E8: =AVERAGE(樞紐練習資料!$E$5:$E$94) -> 72.9

Sheet 成績分布
A1: 成績分布與各科比較
A2: 直方圖看「幾個人落在各分數段」；長條圖比較各科平均
A4: 分數段 | B4: 下限 | C4: 上限 | D4: 人數 COUNTIFS
A5: 0–59 | B5: 0 | C5: 59.9 | D5: =COUNTIFS(成績表!$I$5:$I$34,">="&B5,成績表!$I$5:$I$34,"<="&C5) -> 4
A6: 60–69 | B6: 60 | C6: 69.9 | D6: =COUNTIFS(成績表!$I$5:$I$34,">="&B6,成績表!$I$5:$I$34,"<="&C6) -> 6
A7: 70–79 | B7: 70 | C7: 79.9 | D7: =COUNTIFS(成績表!$I$5:$I$34,">="&B7,成績表!$I$5:$I$34,"<="&C7) -> 10
A8: 80–89 | B8: 80 | C8: 89.9 | D8: =COUNTIFS(成績表!$I$5:$I$34,">="&B8,成績表!$I$5:$I$34,"<="&C8) -> 7
A9: 90–100 | B9: 90 | C9: 100 | D9: =COUNTIFS(成績表!$I$5:$I$34,">="&B9,成績表!$I$5:$I$34,"<="&C9) -> 3
A12: ⚠️ 成績比較不適合用圓餅圖（圓餅適合看比例），也不要用 3D 效果。

Sheet 趨勢預測
A1: 趨勢線與預測：全班數學平均
A2: 6 次考試的平均，預測第 7 次；折線圖已加上線性趨勢線與 R²
A4: 考試次別 | B4: 全班數學平均
A5: 1 | B5: 66.8
A6: 2 | B6: 68.9
A7: 3 | B7: 69.5
A8: 4 | B8: 71.8
A9: 5 | B9: 71.2
A10: 6 | B10: 73.6
A12: 7 | B12: =ROUND(_xlfn.FORECAST.LINEAR(A12,B5:B10,A5:A10),1) -> 74.6 | C12: ← 第 7 次預測值 =FORECAST.LINEAR(7, 已知y, 已知x)
A13: 相關係數 | B13: =ROUND(CORREL(A5:A10,B5:B10),3) -> 0.962
A16: R² 越接近 1，代表趨勢線越貼近資料（0.8 以上算不錯）。 趨勢線只是把過去的趨勢延伸，無法預測突發事件。

Sheet 相關分析
A1: 散佈圖與相關係數：出席天數 vs 平均成績
A2: 資料直接連到「成績表」
A4: 姓名 | B4: 出席天數 | C4: 平均 | E4: 相關係數 r | F4: =ROUND(CORREL(B5:B34,C5:C34),2) -> 0.66
A5: =成績表!B5 -> 王小明 | B5: =成績表!G5 -> 29 | C5: =成績表!I5 -> 80.7
A6: =成績表!B6 -> 林小華 | B6: =成績表!G6 -> 26 | C6: =成績表!I6 -> 70.3
A7: =成績表!B7 -> 陳美美 | B7: =成績表!G7 -> 24 | C7: =成績表!I7 -> 83.3
A8: =成績表!B8 -> 張大偉 | B8: =成績表!G8 -> 30 | C8: =成績表!I8 -> 87
A9: =成績表!B9 -> 李佳穎 | B9: =成績表!G9 -> 30 | C9: =成績表!I9 -> 95.7
A10: =成績表!B10 -> 黃志豪 | B10: =成績表!G10 -> 26 | C10: =成績表!I10 -> 70.3
A11: =成績表!B11 -> 吳雅婷 | B11: =成績表!G11 -> 26 | C11: =成績表!I11 -> 86.3
A12: =成績表!B12 -> 劉宇軒 | B12: =成績表!G12 -> 27 | C12: =成績表!I12 -> 59.3
A13: =成績表!B13 -> 蔡欣怡 | B13: =成績表!G13 -> 23 | C13: =成績表!I13 -> 52
A14: =成績表!B14 -> 楊冠廷 | B14: =成績表!G14 -> 21 | C14: =成績表!I14 -> 60.7
A15: =成績表!B15 -> 許詩涵 | B15: =成績表!G15 -> 27 | C15: =成績表!I15 -> 82.3
A16: =成績表!B16 -> 鄭承恩 | B16: =成績表!G16 -> 25 | C16: =成績表!I16 -> 72
... A22: =成績表!B22 -> 廖俊傑 | B22: =成績表!G22 -> 23 | C22: =成績表!I22 -> 57
A23: =成績表!B23 -> 賴芷瑄 | B23: =成績表!G23 -> 24 | C23: =成績表!I23 -> 60.3 | E23: r 接近 +1：正相關；接近 0：沒有相關；接近 −1：負相關。 ⚠️ 相關 ≠ 因果：出席多和成績好有關，但可能兩者都受「學習態度」影響。
A24: =成績表!B24 -> 周昱辰 | B24: =成績表!G24 -> 26 | C24: =成績表!I24 -> 71.3
A25: =成績表!B25 -> 徐沛涵 | B25: =成績表!G25 -> 26 | C25: =成績表!I25 -> 70.3
A26: =成績表!B26 -> 蘇睿哲 | B26: =成績表!G26 -> 22 | C26: =成績表!I26 -> 75.7
A27: =成績表!B27 -> 葉思妤 | B27: =成績表!G27 -> 27 | C27: =成績表!I27 -> 74.7
A28: =成績表!B28 -> 莊奕安 | B28: =成績表!G28 -> 23 | C28: =成績表!I28 -> 60.7
A29: =成績表!B29 -> 江采潔 | B29: =成績表!G29 -> 21 | C29: =成績表!I29 -> 63
A30: =成績表!B30 -> 呂宥廷 | B30: =成績表!G30 -> 27 | C30: =成績表!I30 -> 77.3
A31: =成績表!B31 -> 何芊芊 | B31: =成績表!G31 -> 30 | C31: =成績表!I31 -> 90.7
A32: =成績表!B32 -> 高翊翔 | B32: =成績表!G32 -> 26 | C32: =成績表!I32 -> 75.7
A33: =成績表!B33 -> 羅苡安 | B33: =成績表!G33 -> 29 | C33: =成績表!I33 -> 86.7
A34: =成績表!B34 -> 潘彥廷 | B34: =成績表!G34 -> 22 | C34: =成績表!I34 -> 70.3
